{"2024-03": 27.1868, "2024-02": 57.8499, "2024-01": 33.493, "2023-12": 16.5223, "2023-11": 38.5596, "2023-10": 36.4111, "2023-09": 6.475, "2023-08": 55.9944, "2023-07": 7.821, "2023-06": 10.6603, "2023-05": 24.1909, "2023-04": 8.3293, "2023-02": 7.1495, "2022-12": 3.0631999999999997, "2022-11": 2.9381, "2022-10": 4.0241999999999996, "2022-08": 24.921599999999998, "2022-07": 11.3519, "2022-06": 4.8232}